AI 绩效填写模板,,,,,
一级部门：市场和行政部-行政部,,目标周期：26年H2,,更新时间：26年6月25日,
序号,目标名称,目标类型,"目标描述
（结果性指标，关联生产力）",衡量/验收标准,里程碑拆解
1,智能工位管理系统,"√增效降本型
□业务增长型
□复用价值型",解决职场工作资源灵活调度问题，从而做到员工可感知，可预订，资源管理灵活调度，职场成本数据报告,提高资源利用率，达成智能化职场工位管理,"• M1：完成需求PRD定稿，系统框架搭建，已输出初版产品原型，功能包含出差工位预定、各楼层、部门工位显示、空闲工位显示、数据报告分析、用户角色管理、规则设置；实现会议室、人员协作数据拉取对接系统+ 程宇亮 + 7-8月
• M2：完成楼层座位显示界面优化，部门工位显示UI优化，出差工位预定功能测试，预定工位规则设定，武汉整体、部门工位使用数据分析 完成各部门武汉工位管理人的确定，订阅号推送上线出差工位预定功能及部门工位使用数据分析，并推送至部门负责人的场景覆盖，持续完善数据报告分析，人均成本报告、爽约与违规统计、空置成本分析+ 程宇亮+9-10月
• M3：持续优化UI界面，扩充功能会议室使用数据行政看板，工位扩租预测模型，半年度/年度分析报告 +  程宇亮+11-12月"
2,库存管理系统,"√增效降本型
□业务增长型
□复用价值型",解决行政库存管理问题，实现出入库及时更新，及时查询,达成行政物资管理，建立数据台账，内部提效,"• M1：完成PRD需求文档2.0版本，输出2.0产品原型 +  程宇亮 + 7-8月
• M2：完成2.0产品原型，产品分类、库存预警、数据分析等功能性搭建 完成功能测试且上线使用 + 程宇亮+9-10月
• M3：整体界面优化与功能优化迭代 +  程宇亮+11-12月"
3,行政数字化（差旅及用车）数据分析及定向推送系统,"√增效降本型
□业务增长型
□复用价值型",将分散于BI系统深处的用车数据，同时补齐差旅（机酒火）费用数据盲区，通过AI能力主动推送至管理者终端，实现行政差旅数据分析及主动推送功能,实现“变被动查看为主动获取、变数字为洞察“，更好的用数据辅助业务决策，协助管理提效,"• M1：完成需求定稿、跨部门对接及数据接口调通；产出首版产品原型，完成协作订阅号渠道申请；AI摘要生成逻辑，实现数据拉取→AI摘要→协作推送全链路联调 + 耿博琳 + 7-8月
• M2：上线测试到正式运营的总裁室及一级部门负责人的全场景化覆盖推送 覆盖包含【敏感订单】等特定场景的标准化数据出口推送+耿博琳+9-10月
• M3：除月度报告覆盖半年度/年度报告场景 + 耿博琳 +11-12月"
,,,,,
"填写说明： 
1. 目标数量：每个部门 1-3 个，聚焦核心，避免分散
2. 里程碑： 每个目标≥2个，每个需包含预期成果、承接人、预计完成时间",,,,,
